model_name,variable,channel_name,lead_hours,rmse,mae,bias,skill_vs_persistence
dinosaur_dfi_surface_residual_weak_hs_logp_init_hydrostatic_layer_init_coriolis_strang_stability_surface_residual_ri_10m_wind_theta_tendency_theta_mean_recenter_si_offcenter,2 m temperature,2m_temperature,24,3.395728402412608,2.313838968141186,-0.6516189929036686,-0.655669547756726
dinosaur_dfi_surface_residual_weak_hs_logp_init_hydrostatic_layer_init_coriolis_strang_stability_surface_residual_ri_10m_wind_theta_tendency_theta_mean_recenter_si_offcenter,Mean sea level pressure,mean_sea_level_pressure,24,387.8359736224216,258.96161797848356,1.043207075059218,0.34293933409157473
dinosaur_dfi_surface_residual_weak_hs_logp_init_hydrostatic_layer_init_coriolis_strang_stability_surface_residual_ri_10m_wind_theta_tendency_theta_mean_recenter_si_offcenter,500 hPa geopotential,geopotential_500,24,247.62551130885538,168.28868644522157,-35.91218442801969,0.5873524911008965
dinosaur_dfi_surface_residual_weak_hs_logp_init_hydrostatic_layer_init_coriolis_strang_stability_surface_residual_ri_10m_wind_theta_tendency_theta_mean_recenter_si_offcenter,10 m zonal wind,10m_u_component_of_wind,24,3.075999891014789,2.2616954674987126,-0.08259115969356219,0.21707642271465188
dinosaur_dfi_surface_residual_weak_hs_logp_init_hydrostatic_layer_init_coriolis_strang_stability_surface_residual_ri_10m_wind_theta_tendency_theta_mean_recenter_si_offcenter,2 m temperature,2m_temperature,48,5.502283540897062,3.7291571146034332,-1.1204784809563795,-1.06343390078597
dinosaur_dfi_surface_residual_weak_hs_logp_init_hydrostatic_layer_init_coriolis_strang_stability_surface_residual_ri_10m_wind_theta_tendency_theta_mean_recenter_si_offcenter,Mean sea level pressure,mean_sea_level_pressure,48,669.0574479322574,446.91343339667264,2.78992268106893,0.14926434828655877
dinosaur_dfi_surface_residual_weak_hs_logp_init_hydrostatic_layer_init_coriolis_strang_stability_surface_residual_ri_10m_wind_theta_tendency_theta_mean_recenter_si_offcenter,500 hPa geopotential,geopotential_500,48,461.2259057307992,301.244139354827,-32.53091929462888,0.44323041549776954
dinosaur_dfi_surface_residual_weak_hs_logp_init_hydrostatic_layer_init_coriolis_strang_stability_surface_residual_ri_10m_wind_theta_tendency_theta_mean_recenter_si_offcenter,10 m zonal wind,10m_u_component_of_wind,48,4.064993869264812,3.017339624423709,-0.18893255384129892,0.13243591742219796
dinosaur_dfi_surface_residual_weak_hs_logp_init_hydrostatic_layer_init_coriolis_strang_stability_surface_residual_ri_10m_wind_theta_tendency_theta_mean_recenter_si_offcenter,2 m temperature,2m_temperature,72,7.050471420381819,4.783810597259922,-1.4573256300939788,-1.3991418325404683
dinosaur_dfi_surface_residual_weak_hs_logp_init_hydrostatic_layer_init_coriolis_strang_stability_surface_residual_ri_10m_wind_theta_tendency_theta_mean_recenter_si_offcenter,Mean sea level pressure,mean_sea_level_pressure,72,901.8716173362075,594.7519715090832,4.125343430995419,-0.042249008232040586
dinosaur_dfi_surface_residual_weak_hs_logp_init_hydrostatic_layer_init_coriolis_strang_stability_surface_residual_ri_10m_wind_theta_tendency_theta_mean_recenter_si_offcenter,500 hPa geopotential,geopotential_500,72,662.3037562474113,425.8947857859884,-29.360663775938104,0.29033247252544725
dinosaur_dfi_surface_residual_weak_hs_logp_init_hydrostatic_layer_init_coriolis_strang_stability_surface_residual_ri_10m_wind_theta_tendency_theta_mean_recenter_si_offcenter,10 m zonal wind,10m_u_component_of_wind,72,4.911588431464573,3.6763223008806576,-0.3589337064036926,0.010331224168339759
dinosaur_dfi_surface_residual_weak_hs_logp_init_hydrostatic_layer_init_coriolis_strang_stability_surface_residual_ri_10m_wind_theta_tendency_theta_mean_recenter_si_offcenter,2 m temperature,2m_temperature,96,8.13687098884333,5.559446029830214,-1.7001343710921288,-1.624040460518004
dinosaur_dfi_surface_residual_weak_hs_logp_init_hydrostatic_layer_init_coriolis_strang_stability_surface_residual_ri_10m_wind_theta_tendency_theta_mean_recenter_si_offcenter,Mean sea level pressure,mean_sea_level_pressure,96,1098.8588846172652,707.4526770968819,5.803195131699853,-0.20811229062571623
dinosaur_dfi_surface_residual_weak_hs_logp_init_hydrostatic_layer_init_coriolis_strang_stability_surface_residual_ri_10m_wind_theta_tendency_theta_mean_recenter_si_offcenter,500 hPa geopotential,geopotential_500,96,844.9539182542237,531.8417581012973,-25.43676999965346,0.15034420094701184
dinosaur_dfi_surface_residual_weak_hs_logp_init_hydrostatic_layer_init_coriolis_strang_stability_surface_residual_ri_10m_wind_theta_tendency_theta_mean_recenter_si_offcenter,10 m zonal wind,10m_u_component_of_wind,96,5.568510417015264,4.2065418730168584,-0.6082813876220979,-0.08917806930214378
dinosaur_dfi_surface_residual_weak_hs_logp_init_hydrostatic_layer_init_coriolis_strang_stability_surface_residual_ri_10m_wind_theta_tendency_theta_mean_recenter_si_offcenter,2 m temperature,2m_temperature,120,8.868207019551996,6.130674731953381,-1.8738642271612194,-1.761017924809586
dinosaur_dfi_surface_residual_weak_hs_logp_init_hydrostatic_layer_init_coriolis_strang_stability_surface_residual_ri_10m_wind_theta_tendency_theta_mean_recenter_si_offcenter,Mean sea level pressure,mean_sea_level_pressure,120,1268.3699224325035,812.7772779684077,7.479586138782731,-0.3531895416223203
dinosaur_dfi_surface_residual_weak_hs_logp_init_hydrostatic_layer_init_coriolis_strang_stability_surface_residual_ri_10m_wind_theta_tendency_theta_mean_recenter_si_offcenter,500 hPa geopotential,geopotential_500,120,993.7872115140614,624.1590879676376,-21.523178715303718,0.03908626798741632
dinosaur_dfi_surface_residual_weak_hs_logp_init_hydrostatic_layer_init_coriolis_strang_stability_surface_residual_ri_10m_wind_theta_tendency_theta_mean_recenter_si_offcenter,10 m zonal wind,10m_u_component_of_wind,120,6.05440871523063,4.610384149332036,-0.6836108004537627,-0.16392211862258965
dinosaur_dfi_surface_residual_weak_hs_logp_init_hydrostatic_layer_init_coriolis_strang_stability_surface_residual_ri_10m_wind_theta_tendency_theta_mean_recenter_si_offcenter,2 m temperature,2m_temperature,144,9.356895179457169,6.552669544992938,-1.9972240534434575,-1.838422130027419
dinosaur_dfi_surface_residual_weak_hs_logp_init_hydrostatic_layer_init_coriolis_strang_stability_surface_residual_ri_10m_wind_theta_tendency_theta_mean_recenter_si_offcenter,Mean sea level pressure,mean_sea_level_pressure,144,1402.7687968340697,897.5670989622553,8.924682744622622,-0.4718793345804877
dinosaur_dfi_surface_residual_weak_hs_logp_init_hydrostatic_layer_init_coriolis_strang_stability_surface_residual_ri_10m_wind_theta_tendency_theta_mean_recenter_si_offcenter,500 hPa geopotential,geopotential_500,144,1112.8045744637402,697.2387085629449,-19.13652978747724,-0.05062489295374628
dinosaur_dfi_surface_residual_weak_hs_logp_init_hydrostatic_layer_init_coriolis_strang_stability_surface_residual_ri_10m_wind_theta_tendency_theta_mean_recenter_si_offcenter,10 m zonal wind,10m_u_component_of_wind,144,6.401139171181326,4.894366550550012,-0.6929480188974023,-0.21687713600581882
dinosaur_dfi_surface_residual_weak_hs_logp_init_hydrostatic_layer_init_coriolis_strang_stability_surface_residual_ri_10m_wind_theta_tendency_theta_mean_recenter_si_offcenter,2 m temperature,2m_temperature,168,9.686970829309969,6.87205265960192,-2.0827425121608205,-1.8738680428097862
dinosaur_dfi_surface_residual_weak_hs_logp_init_hydrostatic_layer_init_coriolis_strang_stability_surface_residual_ri_10m_wind_theta_tendency_theta_mean_recenter_si_offcenter,Mean sea level pressure,mean_sea_level_pressure,168,1500.2883972482934,957.912329181784,9.88643359981257,-0.5576108481156299
dinosaur_dfi_surface_residual_weak_hs_logp_init_hydrostatic_layer_init_coriolis_strang_stability_surface_residual_ri_10m_wind_theta_tendency_theta_mean_recenter_si_offcenter,500 hPa geopotential,geopotential_500,168,1204.097439648295,754.7438050987687,-16.97743370146506,-0.11943378041206887
dinosaur_dfi_surface_residual_weak_hs_logp_init_hydrostatic_layer_init_coriolis_strang_stability_surface_residual_ri_10m_wind_theta_tendency_theta_mean_recenter_si_offcenter,10 m zonal wind,10m_u_component_of_wind,168,6.72025560043445,5.175740479639561,-0.7597804729789006,-0.26680288990629863
dinosaur_dfi_surface_residual_weak_hs_logp_init_hydrostatic_layer_init_coriolis_strang_stability_surface_residual_ri_10m_wind_theta_tendency_theta_mean_recenter_si_offcenter,2 m temperature,2m_temperature,192,9.886024263705298,7.084218931877078,-2.14203320693343,-1.8766345950169323
dinosaur_dfi_surface_residual_weak_hs_logp_init_hydrostatic_layer_init_coriolis_strang_stability_surface_residual_ri_10m_wind_theta_tendency_theta_mean_recenter_si_offcenter,Mean sea level pressure,mean_sea_level_pressure,192,1573.7574532411222,1005.9391370524712,10.885535644283692,-0.6170638564233215
dinosaur_dfi_surface_residual_weak_hs_logp_init_hydrostatic_layer_init_coriolis_strang_stability_surface_residual_ri_10m_wind_theta_tendency_theta_mean_recenter_si_offcenter,500 hPa geopotential,geopotential_500,192,1267.2954477073793,792.2223548178866,-15.360786515023857,-0.16175342264272485
dinosaur_dfi_surface_residual_weak_hs_logp_init_hydrostatic_layer_init_coriolis_strang_stability_surface_residual_ri_10m_wind_theta_tendency_theta_mean_recenter_si_offcenter,10 m zonal wind,10m_u_component_of_wind,192,6.938666816878092,5.375501902184377,-1.0059999751104582,-0.299389060725598
dinosaur_dfi_surface_residual_weak_hs_logp_init_hydrostatic_layer_init_coriolis_strang_stability_surface_residual_ri_10m_wind_theta_tendency_theta_mean_recenter_si_offcenter,2 m temperature,2m_temperature,216,10.006441073820424,7.234115168664437,-2.182889802171262,-1.8665727903229161
dinosaur_dfi_surface_residual_weak_hs_logp_init_hydrostatic_layer_init_coriolis_strang_stability_surface_residual_ri_10m_wind_theta_tendency_theta_mean_recenter_si_offcenter,Mean sea level pressure,mean_sea_level_pressure,216,1623.3736761916605,1042.8359473939793,11.491525452212723,-0.6559421802716685
dinosaur_dfi_surface_residual_weak_hs_logp_init_hydrostatic_layer_init_coriolis_strang_stability_surface_residual_ri_10m_wind_theta_tendency_theta_mean_recenter_si_offcenter,500 hPa geopotential,geopotential_500,216,1305.8482618258035,819.0676464068276,-14.229163320537204,-0.18385263481040193
dinosaur_dfi_surface_residual_weak_hs_logp_init_hydrostatic_layer_init_coriolis_strang_stability_surface_residual_ri_10m_wind_theta_tendency_theta_mean_recenter_si_offcenter,10 m zonal wind,10m_u_component_of_wind,216,7.082752376280997,5.527321348576791,-1.126606886253691,-0.32171830485508357
dinosaur_dfi_surface_residual_weak_hs_logp_init_hydrostatic_layer_init_coriolis_strang_stability_surface_residual_ri_10m_wind_theta_tendency_theta_mean_recenter_si_offcenter,2 m temperature,2m_temperature,240,10.057581963788692,7.313458626528821,-2.2118318262392695,-1.8415752830964807
dinosaur_dfi_surface_residual_weak_hs_logp_init_hydrostatic_layer_init_coriolis_strang_stability_surface_residual_ri_10m_wind_theta_tendency_theta_mean_recenter_si_offcenter,Mean sea level pressure,mean_sea_level_pressure,240,1659.528414189627,1080.8120623919685,11.868886430579495,-0.681836186185955
dinosaur_dfi_surface_residual_weak_hs_logp_init_hydrostatic_layer_init_coriolis_strang_stability_surface_residual_ri_10m_wind_theta_tendency_theta_mean_recenter_si_offcenter,500 hPa geopotential,geopotential_500,240,1326.4410487072198,837.3694917944149,-14.42395423406578,-0.1899047401203069
dinosaur_dfi_surface_residual_weak_hs_logp_init_hydrostatic_layer_init_coriolis_strang_stability_surface_residual_ri_10m_wind_theta_tendency_theta_mean_recenter_si_offcenter,10 m zonal wind,10m_u_component_of_wind,240,7.10429201478476,5.549116504414319,-1.1500835041357418,-0.3212299608789888
dinosaur_dfi_surface_residual_weak_hs_logp_init_hydrostatic_layer_init_coriolis_strang_stability_surface_residual_ri_10m_wind_theta_tendency_theta_mean_recenter_si_offcenter,2 m temperature,2m_temperature,264,10.076404781255853,7.358622894621366,-2.230880886544795,-1.8097206655067701
dinosaur_dfi_surface_residual_weak_hs_logp_init_hydrostatic_layer_init_coriolis_strang_stability_surface_residual_ri_10m_wind_theta_tendency_theta_mean_recenter_si_offcenter,Mean sea level pressure,mean_sea_level_pressure,264,1683.8827870182088,1108.495534339061,11.998635082359774,-0.6976964350303452
dinosaur_dfi_surface_residual_weak_hs_logp_init_hydrostatic_layer_init_coriolis_strang_stability_surface_residual_ri_10m_wind_theta_tendency_theta_mean_recenter_si_offcenter,500 hPa geopotential,geopotential_500,264,1340.9792291419515,854.1277879629313,-14.85915279257859,-0.19397356057992843
dinosaur_dfi_surface_residual_weak_hs_logp_init_hydrostatic_layer_init_coriolis_strang_stability_surface_residual_ri_10m_wind_theta_tendency_theta_mean_recenter_si_offcenter,10 m zonal wind,10m_u_component_of_wind,264,7.169135612106614,5.608679214678093,-1.2086546645629315,-0.3282526891795945
dinosaur_dfi_surface_residual_weak_hs_logp_init_hydrostatic_layer_init_coriolis_strang_stability_surface_residual_ri_10m_wind_theta_tendency_theta_mean_recenter_si_offcenter,2 m temperature,2m_temperature,288,10.08586419186516,7.392059634314179,-2.244217461327995,-1.7800275198303366
dinosaur_dfi_surface_residual_weak_hs_logp_init_hydrostatic_layer_init_coriolis_strang_stability_surface_residual_ri_10m_wind_theta_tendency_theta_mean_recenter_si_offcenter,Mean sea level pressure,mean_sea_level_pressure,288,1698.9196858956482,1126.5290829511227,12.030318016551542,-0.7065038000277397
dinosaur_dfi_surface_residual_weak_hs_logp_init_hydrostatic_layer_init_coriolis_strang_stability_surface_residual_ri_10m_wind_theta_tendency_theta_mean_recenter_si_offcenter,500 hPa geopotential,geopotential_500,288,1351.5568652564737,870.0159985645707,-15.18809366696244,-0.1977812437108042
dinosaur_dfi_surface_residual_weak_hs_logp_init_hydrostatic_layer_init_coriolis_strang_stability_surface_residual_ri_10m_wind_theta_tendency_theta_mean_recenter_si_offcenter,10 m zonal wind,10m_u_component_of_wind,288,7.2582158245330675,5.691339640079427,-1.3210945367029698,-0.3424903906478729
dinosaur_dfi_surface_residual_weak_hs_logp_init_hydrostatic_layer_init_coriolis_strang_stability_surface_residual_ri_10m_wind_theta_tendency_theta_mean_recenter_si_offcenter,2 m temperature,2m_temperature,312,10.083197135684916,7.412237669787036,-2.2537238733661398,-1.751011250154876
dinosaur_dfi_surface_residual_weak_hs_logp_init_hydrostatic_layer_init_coriolis_strang_stability_surface_residual_ri_10m_wind_theta_tendency_theta_mean_recenter_si_offcenter,Mean sea level pressure,mean_sea_level_pressure,312,1696.5676542908568,1126.550544329306,11.768521739775876,-0.6976334893368084
dinosaur_dfi_surface_residual_weak_hs_logp_init_hydrostatic_layer_init_coriolis_strang_stability_surface_residual_ri_10m_wind_theta_tendency_theta_mean_recenter_si_offcenter,500 hPa geopotential,geopotential_500,312,1351.1847920540713,875.7658417316283,-15.407035848527723,-0.19138067425690708
dinosaur_dfi_surface_residual_weak_hs_logp_init_hydrostatic_layer_init_coriolis_strang_stability_surface_residual_ri_10m_wind_theta_tendency_theta_mean_recenter_si_offcenter,10 m zonal wind,10m_u_component_of_wind,312,7.401869870301257,5.825316183668891,-1.4712500495169014,-0.36561019086272095
dinosaur_dfi_surface_residual_weak_hs_logp_init_hydrostatic_layer_init_coriolis_strang_stability_surface_residual_ri_10m_wind_theta_tendency_theta_mean_recenter_si_offcenter,2 m temperature,2m_temperature,336,10.063358986458057,7.411951398274985,-2.261113784007671,-1.7166365990944028
dinosaur_dfi_surface_residual_weak_hs_logp_init_hydrostatic_layer_init_coriolis_strang_stability_surface_residual_ri_10m_wind_theta_tendency_theta_mean_recenter_si_offcenter,Mean sea level pressure,mean_sea_level_pressure,336,1684.4137913963484,1121.237025784245,11.43682824403276,-0.6845035563331408
dinosaur_dfi_surface_residual_weak_hs_logp_init_hydrostatic_layer_init_coriolis_strang_stability_surface_residual_ri_10m_wind_theta_tendency_theta_mean_recenter_si_offcenter,500 hPa geopotential,geopotential_500,336,1342.3437697832896,873.4644138298578,-15.880540358928835,-0.17964161565727998
dinosaur_dfi_surface_residual_weak_hs_logp_init_hydrostatic_layer_init_coriolis_strang_stability_surface_residual_ri_10m_wind_theta_tendency_theta_mean_recenter_si_offcenter,10 m zonal wind,10m_u_component_of_wind,336,7.450198060996497,5.869950309118331,-1.4898209228442507,-0.37223006065388997
dinosaur_dfi_surface_residual_weak_hs_logp_init_hydrostatic_layer_init_coriolis_strang_stability_surface_residual_ri_10m_wind_theta_tendency_theta_mean_recenter_si_offcenter,2 m temperature,2m_temperature,360,10.029957993180698,7.396459136578496,-2.2655825335512025,-1.6761893019528546
dinosaur_dfi_surface_residual_weak_hs_logp_init_hydrostatic_layer_init_coriolis_strang_stability_surface_residual_ri_10m_wind_theta_tendency_theta_mean_recenter_si_offcenter,Mean sea level pressure,mean_sea_level_pressure,360,1673.3494624045757,1119.4150501598012,11.15239448719714,-0.6754377006993277
dinosaur_dfi_surface_residual_weak_hs_logp_init_hydrostatic_layer_init_coriolis_strang_stability_surface_residual_ri_10m_wind_theta_tendency_theta_mean_recenter_si_offcenter,500 hPa geopotential,geopotential_500,360,1336.1872167491065,873.7726482545951,-16.88681442609622,-0.17446951415090295
dinosaur_dfi_surface_residual_weak_hs_logp_init_hydrostatic_layer_init_coriolis_strang_stability_surface_residual_ri_10m_wind_theta_tendency_theta_mean_recenter_si_offcenter,10 m zonal wind,10m_u_component_of_wind,360,7.4267118382036665,5.857172393589918,-1.5124155605479113,-0.36749783727951746
persistence,2 m temperature,2m_temperature,24,2.0509698973527026,1.2236646352435778,-0.00036946290630647283,0.0
persistence,Mean sea level pressure,mean_sea_level_pressure,24,590.2590030803555,350.54216376113476,-0.011161168337455845,0.0
persistence,500 hPa geopotential,geopotential_500,24,600.0896793718493,348.593818856748,-0.04597572841949818,0.0
persistence,10 m zonal wind,10m_u_component_of_wind,24,3.9288635318408547,2.533365326669365,-0.0012243333540913962,0.0
persistence,2 m temperature,2m_temperature,48,2.6665664157214923,1.599834848860399,-0.001323800470510667,0.0
persistence,Mean sea level pressure,mean_sea_level_pressure,48,786.4457620704255,486.2389520350578,-0.023004852733110676,0.0
persistence,500 hPa geopotential,geopotential_500,48,828.3963753931523,501.0782406860218,-0.19806545078428003,0.0
persistence,10 m zonal wind,10m_u_component_of_wind,48,4.685525773711672,3.1593056242149995,-0.00042292828848106053,0.0
persistence,2 m temperature,2m_temperature,72,2.9387472323451695,1.7601569526689076,-0.0009537949272699711,0.0
persistence,Mean sea level pressure,mean_sea_level_pressure,72,865.3130012241947,539.8323195124246,-0.046429066854526024,0.0
persistence,500 hPa geopotential,geopotential_500,72,933.2592102731659,570.7400159052403,-0.25406421366813803,0.0
persistence,10 m zonal wind,10m_u_component_of_wind,72,4.962860859520559,3.394449313394603,-0.00018811775351030934,0.0
persistence,2 m temperature,2m_temperature,96,3.100893873883734,1.84888818621766,-0.0007540692941480503,0.0
persistence,Mean sea level pressure,mean_sea_level_pressure,96,909.5668450224395,567.4569874624564,-0.029994516389654606,0.0
persistence,500 hPa geopotential,geopotential_500,96,994.4661346347485,609.487660937607,-0.19414096202411632,0.0
persistence,10 m zonal wind,10m_u_component_of_wind,96,5.112580370428418,3.5092537839206392,-0.000315000229644684,0.0
persistence,2 m temperature,2m_temperature,120,3.2119338812925644,1.9084155520369164,-0.001195688912520534,0.0
persistence,Mean sea level pressure,mean_sea_level_pressure,120,937.3187446541098,585.5464159327295,-0.030125552925065992,0.0
persistence,500 hPa geopotential,geopotential_500,120,1034.2106459782044,635.0430466985129,-0.25899233144319334,0.0
persistence,10 m zonal wind,10m_u_component_of_wind,120,5.201730097195461,3.5768224662914463,-0.001687026791772341,0.0
persistence,2 m temperature,2m_temperature,144,3.2965129042898145,1.9553485485966862,-0.002196268953774675,0.0
persistence,Mean sea level pressure,mean_sea_level_pressure,144,953.0460574296222,596.5526640475254,-0.02994430920380491,0.0
persistence,500 hPa geopotential,geopotential_500,144,1059.1835220419923,651.7145549527656,-0.4153144417038883,0.0
persistence,10 m zonal wind,10m_u_component_of_wind,144,5.260300306234628,3.623722243282907,-0.0009494221851898833,0.0
persistence,2 m temperature,2m_temperature,168,3.3707082875798986,1.99680844873092,-0.0017537683195476333,0.0
persistence,Mean sea level pressure,mean_sea_level_pressure,168,963.1984773753444,604.2964762993736,-0.05150624584133236,0.0
persistence,500 hPa geopotential,geopotential_500,168,1075.6307882767849,663.6995071461271,-0.46208196689108505,0.0
persistence,10 m zonal wind,10m_u_component_of_wind,168,5.304894434627888,3.6579134952591126,-0.0008329991465444633,0.0
persistence,2 m temperature,2m_temperature,192,3.436663203880821,2.0335197363860766,-0.0014431696050562707,0.0
persistence,Mean sea level pressure,mean_sea_level_pressure,192,973.2191137596842,611.5944052087256,-0.038474639088143914,0.0
persistence,500 hPa geopotential,geopotential_500,192,1090.8471823776256,673.9038773836468,-0.3873164972365882,0.0
persistence,10 m zonal wind,10m_u_component_of_wind,192,5.339945537946455,3.687379807788728,-0.0009470873033915527,0.0
persistence,2 m temperature,2m_temperature,216,3.4907332922438052,2.0640991796930153,-0.001674250419060868,0.0
persistence,Mean sea level pressure,mean_sea_level_pressure,216,980.3323422351226,616.3485135499384,-0.04294062653089275,0.0
persistence,500 hPa geopotential,geopotential_500,216,1103.0496730996756,681.6524821320081,-0.4316355270728355,0.0
persistence,10 m zonal wind,10m_u_component_of_wind,216,5.358745770762074,3.704544851317724,-0.0022034965897221753,0.0
persistence,2 m temperature,2m_temperature,240,3.5394388540812787,2.0950627285183323,-0.0024497265899951722,0.0
persistence,Mean sea level pressure,mean_sea_level_pressure,240,986.736061347974,620.8430379008934,-0.045663236918872446,0.0
persistence,500 hPa geopotential,geopotential_500,240,1114.7455791907412,688.6719284809693,-0.5654587464943642,0.0
persistence,10 m zonal wind,10m_u_component_of_wind,240,5.377029150972637,3.721630521045196,-0.001432121467143134,0.0
persistence,2 m temperature,2m_temperature,264,3.586265675786828,2.1250085762792716,-0.0017505719572273037,0.0
persistence,Mean sea level pressure,mean_sea_level_pressure,264,991.8632991581387,624.5837080120909,-0.076763019112611,0.0
persistence,500 hPa geopotential,geopotential_500,264,1123.1230518124878,694.1755674598251,-0.5994542895246048,0.0
persistence,10 m zonal wind,10m_u_component_of_wind,264,5.397418481068302,3.7363447738242175,-0.001238847730797588,0.0
persistence,2 m temperature,2m_temperature,288,3.627972788010636,2.1518782869487314,-0.0013478762079499507,0.0
persistence,Mean sea level pressure,mean_sea_level_pressure,288,995.5557590132713,627.5427456006555,-0.06819251375548288,0.0
persistence,500 hPa geopotential,geopotential_500,288,1128.3837281248975,698.5367805338898,-0.5196225818120115,0.0
persistence,10 m zonal wind,10m_u_component_of_wind,288,5.406530933178838,3.7444405589672978,-0.0012513758739107672,0.0
persistence,2 m temperature,2m_temperature,312,3.6652693205515803,2.1759852864264397,-0.0015219924645039364,0.0
persistence,Mean sea level pressure,mean_sea_level_pressure,312,999.3721642199885,630.2777027410067,-0.07597210076265241,0.0
persistence,500 hPa geopotential,geopotential_500,312,1134.1335487893807,702.2324012848268,-0.5505657830609157,0.0
persistence,10 m zonal wind,10m_u_component_of_wind,312,5.420192321225389,3.755832880506902,-0.002378928610751036,0.0
persistence,2 m temperature,2m_temperature,336,3.704344920411034,2.202065458302952,-0.002351319184781818,0.0
persistence,Mean sea level pressure,mean_sea_level_pressure,336,999.9467113402908,631.1748379125522,-0.08385069066044534,0.0
persistence,500 hPa geopotential,geopotential_500,336,1137.9250714509205,704.7198300481757,-0.6708445183418666,0.0
persistence,10 m zonal wind,10m_u_component_of_wind,336,5.429263120388397,3.7635621580602305,-0.0015898592717056076,0.0
persistence,2 m temperature,2m_temperature,360,3.7478507166371564,2.22929163869605,-0.0017641788799425857,0.0
persistence,Mean sea level pressure,mean_sea_level_pressure,360,998.7536162676294,631.1686940187953,-0.11762686803333078,0.0
persistence,500 hPa geopotential,geopotential_500,360,1137.6942531497884,704.8863374975399,-0.669405872954988,0.0
persistence,10 m zonal wind,10m_u_component_of_wind,360,5.430876478004727,3.7669622456779353,-0.0012263172843696515,0.0
